Unique_Key,Agency_Name,Complaint_Type,Descriptor
26593698,New York City Police Department,Illegal Parking,Commercial Overnight Parking
26591037,New York City Police Department,Illegal Parking,Blocked Hydrant
26592954,New York City Police Department,Illegal Parking,Posted Parking Sign Violation
26592551,New York City Police Department,Illegal Parking,Commercial Overnight Parking
26591575,New York City Police Department,Illegal Parking,Commercial Overnight Parking
26594762,New York City Police Department,Illegal Parking,Commercial Overnight Parking
26592844,New York City Police Department,Illegal Parking,Commercial Overnight Parking
26592833,New York City Police Department,Illegal Parking,Blocked Sidewalk
26594635,New York City Police Department,Illegal Parking,Commercial Overnight Parking
26592819,New York City Police Department,Illegal Parking,Commercial Overnight Parking
26590132,New York City Police Department,Illegal Parking,Posted Parking Sign Violation
26591934,New York City Police Department,Illegal Parking,Blocked Hydrant
26590692,New York City Police Department,Illegal Parking,Overnight Commercial Storage
26592794,New York City Police Department,Illegal Parking,Blocked Sidewalk
26590037,New York City Police Department,Illegal Parking,Detached Trailer
26590987,New York City Police Department,Illegal Parking,Posted Parking Sign Violation
26592560,New York City Police Department,Illegal Parking,Double Parked Blocking Vehicle
26591368,New York City Police Department,Illegal Parking,Double Parked Blocking Traffic
26590407,New York City Police Department,Illegal Parking,Posted Parking Sign Violation
26589571,New York City Police Department,Illegal Parking,Posted Parking Sign Violation
26594340,New York City Police Department,Illegal Parking,Posted Parking Sign Violation
26595306,New York City Police Department,Illegal Parking,Blocked Hydrant
26591924,New York City Police Department,Illegal Parking,Double Parked Blocking Traffic
26590950,New York City Police Department,Illegal Parking,Blocked Hydrant
26589281,New York City Police Department,Illegal Parking,Blocked Sidewalk
26595149,New York City Police Department,Illegal Parking,Posted Parking Sign Violation
26595602,New York City Police Department,Illegal Parking,Double Parked Blocking Vehicle
26593325,New York City Police Department,Illegal Parking,Posted Parking Sign Violation
26589120,New York City Police Department,Illegal Parking,Posted Parking Sign Violation
26592007,New York City Police Department,Illegal Parking,Posted Parking Sign Violation
26591546,New York City Police Department,Illegal Parking,Blocked Sidewalk
26588943,New York City Police Department,Illegal Parking,Double Parked Blocking Vehicle
26593397,New York City Police Department,Illegal Parking,Blocked Sidewalk
26590247,New York City Police Department,Illegal Parking,Posted Parking Sign Violation
26595802,New York City Police Department,Illegal Parking,Posted Parking Sign Violation
26590076,New York City Police Department,Illegal Parking,Posted Parking Sign Violation
26591542,New York City Police Department,Illegal Parking,Blocked Sidewalk
26594798,New York City Police Department,Illegal Parking,Blocked Sidewalk
26594155,New York City Police Department,Illegal Parking,Double Parked Blocking Vehicle
26582996,New York City Police Department,Illegal Parking,Blocked Sidewalk
26580749,New York City Police Department,Illegal Parking,Blocked Sidewalk
26586899,New York City Police Department,Illegal Parking,Commercial Overnight Parking
26580977,New York City Police Department,Illegal Parking,Blocked Sidewalk
26583579,New York City Police Department,Illegal Parking,Blocked Hydrant
26584948,New York City Police Department,Illegal Parking,Blocked Hydrant
26586974,New York City Police Department,Illegal Parking,Posted Parking Sign Violation
26581314,New York City Police Department,Illegal Parking,Commercial Overnight Parking
26584007,New York City Police Department,Illegal Parking,Blocked Hydrant
26583420,New York City Police Department,Illegal Parking,Posted Parking Sign Violation
26586469,New York City Police Department,Illegal Parking,Commercial Overnight Parking
26587046,New York City Police Department,Illegal Parking,Blocked Hydrant
26581875,New York City Police Department,Illegal Parking,Posted Parking Sign Violation
26583364,New York City Police Department,Illegal Parking,Commercial Overnight Parking
26583536,New York City Police Department,Illegal Parking,Commercial Overnight Parking
26588449,New York City Police Department,Illegal Parking,Commercial Overnight Parking
26584616,New York City Police Department,Illegal Parking,Commercial Overnight Parking
26581532,New York City Police Department,Illegal Parking,Blocked Sidewalk
26585933,New York City Police Department,Illegal Parking,Commercial Overnight Parking
26587013,New York City Police Department,Illegal Parking,Commercial Overnight Parking
26581530,New York City Police Department,Illegal Parking,Blocked Sidewalk
26582067,New York City Police Department,Illegal Parking,Blocked Sidewalk
26587947,New York City Police Department,Illegal Parking,Blocked Hydrant
26587513,New York City Police Department,Illegal Parking,Double Parked Blocking Traffic
26587019,New York City Police Department,Illegal Parking,Detached Trailer
26587094,New York City Police Department,Illegal Parking,Posted Parking Sign Violation
26582770,New York City Police Department,Illegal Parking,Commercial Overnight Parking
26584893,New York City Police Department,Illegal Parking,Unauthorized Bus Layover
26585419,New York City Police Department,Illegal Parking,Blocked Sidewalk
26588353,New York City Police Department,Illegal Parking,Overnight Commercial Storage
26581773,New York City Police Department,Illegal Parking,Commercial Overnight Parking
26585940,New York City Police Department,Illegal Parking,Posted Parking Sign Violation
26581895,New York City Police Department,Illegal Parking,Blocked Hydrant
26584349,New York City Police Department,Illegal Parking,Posted Parking Sign Violation
26585785,New York City Police Department,Illegal Parking,Double Parked Blocking Vehicle
26581765,New York City Police Department,Illegal Parking,Posted Parking Sign Violation
26577879,New York City Police Department,Illegal Parking,Commercial Overnight Parking
26579173,New York City Police Department,Illegal Parking,Detached Trailer
26580087,New York City Police Department,Illegal Parking,Posted Parking Sign Violation
26579106,New York City Police Department,Illegal Parking,Blocked Sidewalk
26576451,New York City Police Department,Illegal Parking,Commercial Overnight Parking
26576280,New York City Police Department,Illegal Parking,Blocked Hydrant
26575635,New York City Police Department,Illegal Parking,Commercial Overnight Parking
26574602,New York City Police Department,Illegal Parking,Commercial Overnight Parking
26577526,New York City Police Department,Illegal Parking,Commercial Overnight Parking
26577362,New York City Police Department,Illegal Parking,Commercial Overnight Parking
26580387,New York City Police Department,Illegal Parking,Double Parked Blocking Traffic
26577511,New York City Police Department,Illegal Parking,Commercial Overnight Parking
26575436,New York City Police Department,Illegal Parking,Commercial Overnight Parking
26576606,New York City Police Department,Illegal Parking,Commercial Overnight Parking
26579743,New York City Police Department,Illegal Parking,Blocked Sidewalk
26577049,New York City Police Department,Illegal Parking,Posted Parking Sign Violation
26579705,New York City Police Department,Illegal Parking,Posted Parking Sign Violation
26576297,New York City Police Department,Illegal Parking,Blocked Sidewalk
26574372,New York City Police Department,Illegal Parking,Posted Parking Sign Violation
26575962,New York City Police Department,Illegal Parking,Blocked Hydrant
26573792,New York City Police Department,Illegal Parking,Posted Parking Sign Violation
26577311,New York City Police Department,Illegal Parking,Blocked Hydrant
26576865,New York City Police Department,Illegal Parking,Double Parked Blocking Traffic
26578611,New York City Police Department,Illegal Parking,Double Parked Blocking Traffic
26579373,New York City Police Department,Illegal Parking,Posted Parking Sign Violation
26580464,New York City Police Department,Illegal Parking,Blocked Hydrant
26574106,New York City Police Department,Illegal Parking,Posted Parking Sign Violation
26576448,New York City Police Department,Illegal Parking,Posted Parking Sign Violation
26576837,New York City Police Department,Illegal Parking,Posted Parking Sign Violation
26576643,New York City Police Department,Illegal Parking,Blocked Sidewalk
26575138,New York City Police Department,Illegal Parking,Double Parked Blocking Vehicle
26578845,New York City Police Department,Illegal Parking,Blocked Sidewalk
26575322,New York City Police Department,Illegal Parking,Posted Parking Sign Violation
26574050,New York City Police Department,Illegal Parking,Posted Parking Sign Violation
26577162,New York City Police Department,Illegal Parking,Blocked Hydrant
26574755,New York City Police Department,Illegal Parking,Blocked Hydrant
26579204,New York City Police Department,Illegal Parking,Posted Parking Sign Violation
26571153,New York City Police Department,Illegal Parking,Commercial Overnight Parking
26572273,New York City Police Department,Illegal Parking,Commercial Overnight Parking
26570886,New York City Police Department,Illegal Parking,Commercial Overnight Parking
26571293,New York City Police Department,Illegal Parking,Blocked Sidewalk
26570371,New York City Police Department,Illegal Parking,Commercial Overnight Parking
26569641,New York City Police Department,Illegal Parking,Commercial Overnight Parking
26570815,New York City Police Department,Illegal Parking,Blocked Sidewalk
26570634,New York City Police Department,Illegal Parking,Posted Parking Sign Violation
26571922,New York City Police Department,Illegal Parking,Blocked Hydrant
26572378,New York City Police Department,Illegal Parking,Double Parked Blocking Vehicle
26570539,New York City Police Department,Illegal Parking,Double Parked Blocking Vehicle
26569942,New York City Police Department,Illegal Parking,Commercial Overnight Parking
26572884,New York City Police Department,Illegal Parking,Detached Trailer
26569914,New York City Police Department,Illegal Parking,Commercial Overnight Parking
26571188,New York City Police Department,Illegal Parking,Commercial Overnight Parking
26570668,New York City Police Department,Illegal Parking,Blocked Hydrant
26572162,New York City Police Department,Illegal Parking,Blocked Hydrant
26571853,New York City Police Department,Illegal Parking,Double Parked Blocking Traffic
26571806,New York City Police Department,Illegal Parking,Posted Parking Sign Violation
26571245,New York City Police Department,Illegal Parking,Commercial Overnight Parking
26572005,New York City Police Department,Illegal Parking,Double Parked Blocking Vehicle
26571115,New York City Police Department,Illegal Parking,Double Parked Blocking Traffic
26569685,New York City Police Department,Illegal Parking,Blocked Hydrant
26571887,New York City Police Department,Illegal Parking,Blocked Hydrant
26571566,New York City Police Department,Illegal Parking,Double Parked Blocking Vehicle
26571422,New York City Police Department,Illegal Parking,Blocked Hydrant
26572304,New York City Police Department,Illegal Parking,Blocked Hydrant
26570674,New York City Police Department,Illegal Parking,Posted Parking Sign Violation
26570141,New York City Police Department,Illegal Parking,Posted Parking Sign Violation
26572205,New York City Police Department,Illegal Parking,Commercial Overnight Parking
26571832,New York City Police Department,Illegal Parking,Blocked Hydrant
26569538,New York City Police Department,Illegal Parking,Blocked Sidewalk
26566586,New York City Police Department,Illegal Parking,Commercial Overnight Parking
26568714,New York City Police Department,Illegal Parking,Overnight Commercial Storage
26567953,New York City Police Department,Illegal Parking,Blocked Sidewalk
26566594,New York City Police Department,Illegal Parking,Commercial Overnight Parking
26568399,New York City Police Department,Illegal Parking,Commercial Overnight Parking
26567458,New York City Police Department,Illegal Parking,Commercial Overnight Parking
26565978,New York City Police Department,Illegal Parking,Overnight Commercial Storage
26566613,New York City Police Department,Illegal Parking,Commercial Overnight Parking
26565956,New York City Police Department,Illegal Parking,Overnight Commercial Storage
26568406,New York City Police Department,Illegal Parking,Blocked Hydrant
26567235,New York City Police Department,Illegal Parking,Commercial Overnight Parking
26567062,New York City Police Department,Illegal Parking,Blocked Hydrant
26568603,New York City Police Department,Illegal Parking,Commercial Overnight Parking
26567844,New York City Police Department,Illegal Parking,Overnight Commercial Storage
26565475,New York City Police Department,Illegal Parking,Posted Parking Sign Violation
26565091,New York City Police Department,Illegal Parking,Blocked Hydrant
26567005,New York City Police Department,Illegal Parking,Overnight Commercial Storage
26568978,New York City Police Department,Illegal Parking,Blocked Sidewalk
26569240,New York City Police Department,Illegal Parking,Commercial Overnight Parking
26564126,New York City Police Department,Illegal Parking,Blocked Hydrant
26566395,New York City Police Department,Illegal Parking,Posted Parking Sign Violation
26565057,New York City Police Department,Illegal Parking,Blocked Hydrant
26564242,New York City Police Department,Illegal Parking,Blocked Hydrant
26561703,New York City Police Department,Illegal Parking,Blocked Hydrant
26556145,New York City Police Department,Illegal Parking,Blocked Hydrant
26558517,New York City Police Department,Illegal Parking,Overnight Commercial Storage
26562696,New York City Police Department,Illegal Parking,Posted Parking Sign Violation
26560802,New York City Police Department,Illegal Parking,Posted Parking Sign Violation
26556228,New York City Police Department,Illegal Parking,Blocked Hydrant
26560830,New York City Police Department,Illegal Parking,Commercial Overnight Parking
26563774,New York City Police Department,Illegal Parking,Posted Parking Sign Violation
26557362,New York City Police Department,Illegal Parking,Commercial Overnight Parking
26558959,New York City Police Department,Illegal Parking,Unauthorized Bus Layover
26556973,New York City Police Department,Illegal Parking,Commercial Overnight Parking
26563872,New York City Police Department,Illegal Parking,Blocked Sidewalk
26563247,New York City Police Department,Illegal Parking,Commercial Overnight Parking
26558864,New York City Police Department,Illegal Parking,Commercial Overnight Parking
26563371,New York City Police Department,Illegal Parking,Blocked Sidewalk
26560979,New York City Police Department,Illegal Parking,Posted Parking Sign Violation
26558841,New York City Police Department,Illegal Parking,Commercial Overnight Parking
26559962,New York City Police Department,Illegal Parking,Posted Parking Sign Violation
26561071,New York City Police Department,Illegal Parking,Commercial Overnight Parking
26559508,New York City Police Department,Illegal Parking,Posted Parking Sign Violation
26561086,New York City Police Department,Illegal Parking,Posted Parking Sign Violation
26563326,New York City Police Department,Illegal Parking,Posted Parking Sign Violation
26558972,New York City Police Department,Illegal Parking,Posted Parking Sign Violation
26560132,New York City Police Department,Illegal Parking,Posted Parking Sign Violation
26561492,New York City Police Department,Illegal Parking,Blocked Sidewalk
26557899,New York City Police Department,Illegal Parking,Posted Parking Sign Violation
26562845,New York City Police Department,Illegal Parking,Posted Parking Sign Violation
26556896,New York City Police Department,Illegal Parking,Posted Parking Sign Violation
26563892,New York City Police Department,Illegal Parking,Posted Parking Sign Violation
26563229,New York City Police Department,Illegal Parking,Posted Parking Sign Violation
26556488,New York City Police Department,Illegal Parking,Blocked Sidewalk
26560492,New York City Police Department,Illegal Parking,Blocked Hydrant
26557741,New York City Police Department,Illegal Parking,Posted Parking Sign Violation
26549550,New York City Police Department,Illegal Parking,Commercial Overnight Parking
26549360,New York City Police Department,Illegal Parking,Posted Parking Sign Violation
26547985,New York City Police Department,Illegal Parking,Overnight Commercial Storage
26551519,New York City Police Department,Illegal Parking,Commercial Overnight Parking
26547785,New York City Police Department,Illegal Parking,Posted Parking Sign Violation
26550057,New York City Police Department,Illegal Parking,Commercial Overnight Parking
26553269,New York City Police Department,Illegal Parking,Commercial Overnight Parking
26554535,New York City Police Department,Illegal Parking,Posted Parking Sign Violation
26550454,New York City Police Department,Illegal Parking,Commercial Overnight Parking
26554323,New York City Police Department,Illegal Parking,Blocked Hydrant
26553338,New York City Police Department,Illegal Parking,Blocked Hydrant
26548482,New York City Police Department,Illegal Parking,Blocked Hydrant
26554238,New York City Police Department,Illegal Parking,Blocked Hydrant
26554381,New York City Police Department,Illegal Parking,Blocked Hydrant
26548465,New York City Police Department,Illegal Parking,Blocked Hydrant
26550537,New York City Police Department,Illegal Parking,Blocked Hydrant
26554257,New York City Police Department,Illegal Parking,Blocked Hydrant
26555297,New York City Police Department,Illegal Parking,Blocked Sidewalk
26549022,New York City Police Department,Illegal Parking,Blocked Hydrant
26548955,New York City Police Department,Illegal Parking,Blocked Hydrant
26551166,New York City Police Department,Illegal Parking,Blocked Hydrant
26553218,New York City Police Department,Illegal Parking,Blocked Hydrant
26550191,New York City Police Department,Illegal Parking,Commercial Overnight Parking
26551655,New York City Police Department,Illegal Parking,Blocked Sidewalk
26552498,New York City Police Department,Illegal Parking,Commercial Overnight Parking
26551976,New York City Police Department,Illegal Parking,Posted Parking Sign Violation
26552007,New York City Police Department,Illegal Parking,Posted Parking Sign Violation
26549905,New York City Police Department,Illegal Parking,Commercial Overnight Parking
26553081,New York City Police Department,Illegal Parking,Commercial Overnight Parking
26552249,New York City Police Department,Illegal Parking,Double Parked Blocking Traffic
26551672,New York City Police Department,Illegal Parking,Blocked Sidewalk
26552023,New York City Police Department,Illegal Parking,Posted Parking Sign Violation
26551984,New York City Police Department,Illegal Parking,Blocked Sidewalk
26553186,New York City Police Department,Illegal Parking,Posted Parking Sign Violation
26553609,New York City Police Department,Illegal Parking,Blocked Hydrant
26543681,New York City Police Department,Illegal Parking,Blocked Hydrant
26544088,New York City Police Department,Illegal Parking,Blocked Sidewalk
26537791,New York City Police Department,Illegal Parking,Posted Parking Sign Violation
26545901,New York City Police Department,Illegal Parking,Commercial Overnight Parking
26545239,New York City Police Department,Illegal Parking,Commercial Overnight Parking
26545378,New York City Police Department,Illegal Parking,Blocked Hydrant
26546931,New York City Police Department,Illegal Parking,Overnight Commercial Storage
26534604,New York City Police Department,Illegal Parking,Blocked Sidewalk
26535701,New York City Police Department,Illegal Parking,Posted Parking Sign Violation
26545862,New York City Police Department,Illegal Parking,Blocked Hydrant
26541102,New York City Police Department,Illegal Parking,Blocked Sidewalk
26539551,New York City Police Department,Illegal Parking,Blocked Hydrant
26545757,New York City Police Department,Illegal Parking,Blocked Hydrant
26544267,New York City Police Department,Illegal Parking,Blocked Hydrant
26544235,New York City Police Department,Illegal Parking,Posted Parking Sign Violation
26538856,New York City Police Department,Illegal Parking,Posted Parking Sign Violation
26545707,New York City Police Department,Illegal Parking,Overnight Commercial Storage
26544043,New York City Police Department,Illegal Parking,Blocked Hydrant
26542560,New York City Police Department,Illegal Parking,Posted Parking Sign Violation
26537405,New York City Police Department,Illegal Parking,Blocked Hydrant
26542635,New York City Police Department,Illegal Parking,Overnight Commercial Storage
26545191,New York City Police Department,Illegal Parking,Double Parked Blocking Traffic
26536329,New York City Police Department,Illegal Parking,Posted Parking Sign Violation
26546888,New York City Police Department,Illegal Parking,Double Parked Blocking Traffic
26538601,New York City Police Department,Illegal Parking,Posted Parking Sign Violation
26541986,New York City Police Department,Illegal Parking,Double Parked Blocking Traffic
26537081,New York City Police Department,Illegal Parking,Commercial Overnight Parking
26538898,New York City Police Department,Illegal Parking,Posted Parking Sign Violation
26541699,New York City Police Department,Illegal Parking,Blocked Sidewalk
26534553,New York City Police Department,Illegal Parking,Commercial Overnight Parking
26542743,New York City Police Department,Illegal Parking,Overnight Commercial Storage
26536983,New York City Police Department,Illegal Parking,Blocked Sidewalk
26542482,New York City Police Department,Illegal Parking,Double Parked Blocking Traffic
26539777,New York City Police Department,Illegal Parking,Posted Parking Sign Violation
26540915,New York City Police Department,Illegal Parking,Posted Parking Sign Violation
26543647,New York City Police Department,Illegal Parking,Double Parked Blocking Vehicle
26536294,New York City Police Department,Illegal Parking,Posted Parking Sign Violation
26535781,New York City Police Department,Illegal Parking,Double Parked Blocking Traffic
26537730,New York City Police Department,Illegal Parking,Posted Parking Sign Violation
26529361,New York City Police Department,Illegal Parking,Blocked Sidewalk
26534413,New York City Police Department,Illegal Parking,Blocked Hydrant
26531537,New York City Police Department,Illegal Parking,Posted Parking Sign Violation
26533208,New York City Police Department,Illegal Parking,Commercial Overnight Parking
26529921,New York City Police Department,Illegal Parking,Commercial Overnight Parking
26529885,New York City Police Department,Illegal Parking,Blocked Sidewalk
26530761,New York City Police Department,Illegal Parking,Commercial Overnight Parking
26529118,New York City Police Department,Illegal Parking,Blocked Sidewalk
26530737,New York City Police Department,Illegal Parking,Blocked Sidewalk
26530072,New York City Police Department,Illegal Parking,Posted Parking Sign Violation
26529150,New York City Police Department,Illegal Parking,Commercial Overnight Parking
26533080,New York City Police Department,Illegal Parking,Posted Parking Sign Violation
26528261,New York City Police Department,Illegal Parking,Commercial Overnight Parking
26532317,New York City Police Department,Illegal Parking,Blocked Hydrant
26530855,New York City Police Department,Illegal Parking,Commercial Overnight Parking
26531518,New York City Police Department,Illegal Parking,Posted Parking Sign Violation
26528912,New York City Police Department,Illegal Parking,Commercial Overnight Parking
26533237,New York City Police Department,Illegal Parking,Posted Parking Sign Violation
26529706,New York City Police Department,Illegal Parking,Blocked Sidewalk
26533148,New York City Police Department,Illegal Parking,Posted Parking Sign Violation
26532675,New York City Police Department,Illegal Parking,Posted Parking Sign Violation
26532446,New York City Police Department,Illegal Parking,Posted Parking Sign Violation
26531523,New York City Police Department,Illegal Parking,Blocked Sidewalk
26528450,New York City Police Department,Illegal Parking,Posted Parking Sign Violation
26529254,New York City Police Department,Illegal Parking,Posted Parking Sign Violation
26529909,New York City Police Department,Illegal Parking,Posted Parking Sign Violation
26532433,New York City Police Department,Illegal Parking,Blocked Hydrant
26531459,New York City Police Department,Illegal Parking,Double Parked Blocking Traffic
26533987,New York City Police Department,Illegal Parking,Blocked Sidewalk
26533998,New York City Police Department,Illegal Parking,Posted Parking Sign Violation
26530320,New York City Police Department,Illegal Parking,Blocked Sidewalk
26530718,New York City Police Department,Illegal Parking,Posted Parking Sign Violation
26529724,New York City Police Department,Illegal Parking,Double Parked Blocking Traffic
26533598,New York City Police Department,Illegal Parking,Blocked Hydrant
26533828,New York City Police Department,Illegal Parking,Blocked Hydrant
26532978,New York City Police Department,Illegal Parking,Blocked Hydrant
26521595,New York City Police Department,Illegal Parking,Commercial Overnight Parking
26522411,New York City Police Department,Illegal Parking,Blocked Hydrant
26526872,New York City Police Department,Illegal Parking,Blocked Hydrant
26523138,New York City Police Department,Illegal Parking,Detached Trailer
26527218,New York City Police Department,Illegal Parking,Commercial Overnight Parking
26526645,New York City Police Department,Illegal Parking,Blocked Hydrant
26521143,New York City Police Department,Illegal Parking,Posted Parking Sign Violation
26526707,New York City Police Department,Illegal Parking,Blocked Hydrant
26521535,New York City Police Department,Illegal Parking,Double Parked Blocking Vehicle
26525838,New York City Police Department,Illegal Parking,Blocked Hydrant
26524975,New York City Police Department,Illegal Parking,Commercial Overnight Parking
26521238,New York City Police Department,Illegal Parking,Posted Parking Sign Violation
26527547,New York City Police Department,Illegal Parking,Blocked Sidewalk
26524877,New York City Police Department,Illegal Parking,Posted Parking Sign Violation
26528123,New York City Police Department,Illegal Parking,Blocked Hydrant
26523009,New York City Police Department,Illegal Parking,Commercial Overnight Parking
26525687,New York City Police Department,Illegal Parking,Blocked Sidewalk
26525286,New York City Police Department,Illegal Parking,Commercial Overnight Parking
26521714,New York City Police Department,Illegal Parking,Blocked Sidewalk
26524579,New York City Police Department,Illegal Parking,Double Parked Blocking Traffic
26526886,New York City Police Department,Illegal Parking,Blocked Hydrant
26521406,New York City Police Department,Illegal Parking,Commercial Overnight Parking
26522185,New York City Police Department,Illegal Parking,Blocked Sidewalk
26526925,New York City Police Department,Illegal Parking,Blocked Sidewalk
26524622,New York City Police Department,Illegal Parking,Posted Parking Sign Violation
26526030,New York City Police Department,Illegal Parking,Blocked Hydrant
26522947,New York City Police Department,Illegal Parking,Posted Parking Sign Violation
26525627,New York City Police Department,Illegal Parking,Double Parked Blocking Traffic
26522230,New York City Police Department,Illegal Parking,Posted Parking Sign Violation
26522636,New York City Police Department,Illegal Parking,Posted Parking Sign Violation
26521382,New York City Police Department,Illegal Parking,Posted Parking Sign Violation
26524809,New York City Police Department,Illegal Parking,Blocked Hydrant
26524925,New York City Police Department,Illegal Parking,Overnight Commercial Storage
26524661,New York City Police Department,Illegal Parking,Posted Parking Sign Violation
26525848,New York City Police Department,Illegal Parking,Posted Parking Sign Violation
26526160,New York City Police Department,Illegal Parking,Posted Parking Sign Violation
26525646,New York City Police Department,Illegal Parking,Blocked Sidewalk
26524635,New York City Police Department,Illegal Parking,Blocked Hydrant
26517964,New York City Police Department,Illegal Parking,Blocked Hydrant
26520693,New York City Police Department,Illegal Parking,Blocked Hydrant
26519083,New York City Police Department,Illegal Parking,Blocked Hydrant
26520649,New York City Police Department,Illegal Parking,Overnight Commercial Storage
26519543,New York City Police Department,Illegal Parking,Posted Parking Sign Violation
26521101,New York City Police Department,Illegal Parking,Commercial Overnight Parking
26519931,New York City Police Department,Illegal Parking,Blocked Hydrant
26521063,New York City Police Department,Illegal Parking,Commercial Overnight Parking
26519439,New York City Police Department,Illegal Parking,Commercial Overnight Parking
26518925,New York City Police Department,Illegal Parking,Blocked Hydrant
26520591,New York City Police Department,Illegal Parking,Posted Parking Sign Violation
26519011,New York City Police Department,Illegal Parking,Double Parked Blocking Traffic
26519097,New York City Police Department,Illegal Parking,Blocked Sidewalk
26519916,New York City Police Department,Illegal Parking,Blocked Hydrant
26519583,New York City Police Department,Illegal Parking,Blocked Hydrant
26520198,New York City Police Department,Illegal Parking,Double Parked Blocking Traffic
26518640,New York City Police Department,Illegal Parking,Blocked Sidewalk
26518814,New York City Police Department,Illegal Parking,Commercial Overnight Parking
26518248,New York City Police Department,Illegal Parking,Blocked Sidewalk
26518041,New York City Police Department,Illegal Parking,Posted Parking Sign Violation
26519239,New York City Police Department,Illegal Parking,Blocked Hydrant
26519053,New York City Police Department,Illegal Parking,Posted Parking Sign Violation
26518713,New York City Police Department,Illegal Parking,Posted Parking Sign Violation
26520335,New York City Police Department,Illegal Parking,Blocked Sidewalk
26518726,New York City Police Department,Illegal Parking,Posted Parking Sign Violation
26519530,New York City Police Department,Illegal Parking,Commercial Overnight Parking
26521054,New York City Police Department,Illegal Parking,Commercial Overnight Parking
26519154,New York City Police Department,Illegal Parking,Blocked Sidewalk
26518736,New York City Police Department,Illegal Parking,Blocked Sidewalk
26519641,New York City Police Department,Illegal Parking,Double Parked Blocking Vehicle
26518923,New York City Police Department,Illegal Parking,Commercial Overnight Parking
26519523,New York City Police Department,Illegal Parking,Commercial Overnight Parking
26519234,New York City Police Department,Illegal Parking,Blocked Hydrant
26519560,New York City Police Department,Illegal Parking,Commercial Overnight Parking
26518555,New York City Police Department,Illegal Parking,Blocked Sidewalk
26515695,New York City Police Department,Illegal Parking,Blocked Hydrant
26515756,New York City Police Department,Illegal Parking,Blocked Hydrant
26515831,New York City Police Department,Illegal Parking,Commercial Overnight Parking
26515910,New York City Police Department,Illegal Parking,Double Parked Blocking Vehicle
26516049,New York City Police Department,Illegal Parking,Commercial Overnight Parking
26515051,New York City Police Department,Illegal Parking,Commercial Overnight Parking
26515197,New York City Police Department,Illegal Parking,Double Parked Blocking Traffic
26516501,New York City Police Department,Illegal Parking,Blocked Sidewalk
26515559,New York City Police Department,Illegal Parking,Commercial Overnight Parking
26514485,New York City Police Department,Illegal Parking,Blocked Sidewalk
26517759,New York City Police Department,Illegal Parking,Commercial Overnight Parking
26517126,New York City Police Department,Illegal Parking,Blocked Hydrant
26516607,New York City Police Department,Illegal Parking,Blocked Sidewalk
26516585,New York City Police Department,Illegal Parking,Blocked Sidewalk
26514379,New York City Police Department,Illegal Parking,Double Parked Blocking Vehicle
26514201,New York City Police Department,Illegal Parking,Posted Parking Sign Violation
26514504,New York City Police Department,Illegal Parking,Blocked Sidewalk
26515920,New York City Police Department,Illegal Parking,Double Parked Blocking Traffic
26515773,New York City Police Department,Illegal Parking,Blocked Hydrant
26514592,New York City Police Department,Illegal Parking,Commercial Overnight Parking
26513982,New York City Police Department,Illegal Parking,Double Parked Blocking Traffic
26514936,New York City Police Department,Illegal Parking,Blocked Hydrant
26514501,New York City Police Department,Illegal Parking,Overnight Commercial Storage
26514062,New York City Police Department,Illegal Parking,Posted Parking Sign Violation
26516362,New York City Police Department,Illegal Parking,Blocked Sidewalk
26516014,New York City Police Department,Illegal Parking,Double Parked Blocking Traffic
26516192,New York City Police Department,Illegal Parking,Posted Parking Sign Violation
26514015,New York City Police Department,Illegal Parking,Blocked Hydrant
26517679,New York City Police Department,Illegal Parking,Double Parked Blocking Traffic
26517671,New York City Police Department,Illegal Parking,Posted Parking Sign Violation
26516856,New York City Police Department,Illegal Parking,Posted Parking Sign Violation
26517914,New York City Police Department,Illegal Parking,Posted Parking Sign Violation
26514135,New York City Police Department,Illegal Parking,Blocked Hydrant
26515508,New York City Police Department,Illegal Parking,Posted Parking Sign Violation
26516884,New York City Police Department,Illegal Parking,Blocked Hydrant
26517129,New York City Police Department,Illegal Parking,Posted Parking Sign Violation
26514065,New York City Police Department,Illegal Parking,Double Parked Blocking Traffic
26516150,New York City Police Department,Illegal Parking,Blocked Hydrant
26508909,New York City Police Department,Illegal Parking,Blocked Hydrant
26512743,New York City Police Department,Illegal Parking,Commercial Overnight Parking
26513105,New York City Police Department,Illegal Parking,Commercial Overnight Parking
26512600,New York City Police Department,Illegal Parking,Blocked Hydrant
26512373,New York City Police Department,Illegal Parking,Posted Parking Sign Violation
26512349,New York City Police Department,Illegal Parking,Blocked Sidewalk
26513167,New York City Police Department,Illegal Parking,Overnight Commercial Storage
26513865,New York City Police Department,Illegal Parking,Blocked Hydrant
26513728,New York City Police Department,Illegal Parking,Blocked Sidewalk
26508595,New York City Police Department,Illegal Parking,Overnight Commercial Storage
26511966,New York City Police Department,Illegal Parking,Posted Parking Sign Violation
26509003,New York City Police Department,Illegal Parking,Posted Parking Sign Violation
26509988,New York City Police Department,Illegal Parking,Double Parked Blocking Vehicle
26512814,New York City Police Department,Illegal Parking,Double Parked Blocking Vehicle
26509195,New York City Police Department,Illegal Parking,Blocked Sidewalk
26509645,New York City Police Department,Illegal Parking,Posted Parking Sign Violation
26507841,New York City Police Department,Illegal Parking,Blocked Sidewalk
26509392,New York City Police Department,Illegal Parking,Blocked Sidewalk
26510369,New York City Police Department,Illegal Parking,Blocked Hydrant
26509113,New York City Police Department,Illegal Parking,Posted Parking Sign Violation
26511281,New York City Police Department,Illegal Parking,Blocked Sidewalk
26513735,New York City Police Department,Illegal Parking,Blocked Hydrant
26509765,New York City Police Department,Illegal Parking,Double Parked Blocking Traffic
26513722,New York City Police Department,Illegal Parking,Posted Parking Sign Violation
26513013,New York City Police Department,Illegal Parking,Commercial Overnight Parking
26509575,New York City Police Department,Illegal Parking,Blocked Hydrant
26511313,New York City Police Department,Illegal Parking,Blocked Hydrant
26504435,New York City Police Department,Illegal Parking,Commercial Overnight Parking
26505628,New York City Police Department,Illegal Parking,Commercial Overnight Parking
26504129,New York City Police Department,Illegal Parking,Blocked Sidewalk
26501643,New York City Police Department,Illegal Parking,Blocked Hydrant
26504728,New York City Police Department,Illegal Parking,Commercial Overnight Parking
26505688,New York City Police Department,Illegal Parking,Blocked Hydrant
26506651,New York City Police Department,Illegal Parking,Blocked Hydrant
26503049,New York City Police Department,Illegal Parking,Posted Parking Sign Violation
26507698,New York City Police Department,Illegal Parking,Blocked Sidewalk
26507391,New York City Police Department,Illegal Parking,Double Parked Blocking Traffic
26507715,New York City Police Department,Illegal Parking,Commercial Overnight Parking
26503008,New York City Police Department,Illegal Parking,Blocked Sidewalk
26502578,New York City Police Department,Illegal Parking,Posted Parking Sign Violation
26501925,New York City Police Department,Illegal Parking,Blocked Sidewalk
26503923,New York City Police Department,Illegal Parking,Blocked Hydrant
26501002,New York City Police Department,Illegal Parking,Blocked Sidewalk
26505668,New York City Police Department,Illegal Parking,Blocked Sidewalk
26503557,New York City Police Department,Illegal Parking,Blocked Sidewalk
26506646,New York City Police Department,Illegal Parking,Posted Parking Sign Violation
26501566,New York City Police Department,Illegal Parking,Posted Parking Sign Violation
26500737,New York City Police Department,Illegal Parking,Posted Parking Sign Violation
26506662,New York City Police Department,Illegal Parking,Posted Parking Sign Violation
26503968,New York City Police Department,Illegal Parking,Posted Parking Sign Violation
26505742,New York City Police Department,Illegal Parking,Blocked Sidewalk
26507636,New York City Police Department,Illegal Parking,Posted Parking Sign Violation
26505342,New York City Police Department,Illegal Parking,Blocked Sidewalk
26503461,New York City Police Department,Illegal Parking,Posted Parking Sign Violation
26500552,New York City Police Department,Illegal Parking,Posted Parking Sign Violation
26507136,New York City Police Department,Illegal Parking,Posted Parking Sign Violation
26505382,New York City Police Department,Illegal Parking,Double Parked Blocking Traffic
26500636,New York City Police Department,Illegal Parking,Blocked Sidewalk
26504387,New York City Police Department,Illegal Parking,Posted Parking Sign Violation
26506250,New York City Police Department,Illegal Parking,Posted Parking Sign Violation
26501532,New York City Police Department,Illegal Parking,Double Parked Blocking Traffic
26503479,New York City Police Department,Illegal Parking,Blocked Sidewalk
26500643,New York City Police Department,Illegal Parking,Posted Parking Sign Violation
26504036,New York City Police Department,Illegal Parking,Double Parked Blocking Traffic
26504347,New York City Police Department,Illegal Parking,Commercial Overnight Parking
26500518,New York City Police Department,Illegal Parking,Unauthorized Bus Layover
26507196,New York City Police Department,Illegal Parking,Overnight Commercial Storage
26504054,New York City Police Department,Illegal Parking,Posted Parking Sign Violation
26501531,New York City Police Department,Illegal Parking,Commercial Overnight Parking
26504385,New York City Police Department,Illegal Parking,Overnight Commercial Storage
26502452,New York City Police Department,Illegal Parking,Blocked Hydrant
26499225,New York City Police Department,Illegal Parking,Blocked Hydrant
26496639,New York City Police Department,Illegal Parking,Blocked Hydrant
26499109,New York City Police Department,Illegal Parking,Posted Parking Sign Violation
26497497,New York City Police Department,Illegal Parking,Commercial Overnight Parking
26496804,New York City Police Department,Illegal Parking,Blocked Sidewalk
26497832,New York City Police Department,Illegal Parking,Overnight Commercial Storage
26496653,New York City Police Department,Illegal Parking,Blocked Sidewalk
26499552,New York City Police Department,Illegal Parking,Blocked Hydrant
26494268,New York City Police Department,Illegal Parking,Commercial Overnight Parking
26495558,New York City Police Department,Illegal Parking,Blocked Hydrant
26499204,New York City Police Department,Illegal Parking,Blocked Hydrant
26499823,New York City Police Department,Illegal Parking,Double Parked Blocking Traffic
26499892,New York City Police Department,Illegal Parking,Double Parked Blocking Traffic
26500101,New York City Police Department,Illegal Parking,Commercial Overnight Parking
26499170,New York City Police Department,Illegal Parking,Blocked Sidewalk
26498716,New York City Police Department,Illegal Parking,Double Parked Blocking Traffic
26496878,New York City Police Department,Illegal Parking,Commercial Overnight Parking
26494289,New York City Police Department,Illegal Parking,Blocked Sidewalk
26498612,New York City Police Department,Illegal Parking,Posted Parking Sign Violation
26495456,New York City Police Department,Illegal Parking,Commercial Overnight Parking
26498160,New York City Police Department,Illegal Parking,Blocked Sidewalk
26495479,New York City Police Department,Illegal Parking,Commercial Overnight Parking
26495726,New York City Police Department,Illegal Parking,Posted Parking Sign Violation
26500013,New York City Police Department,Illegal Parking,Double Parked Blocking Traffic
26494748,New York City Police Department,Illegal Parking,Commercial Overnight Parking
26497456,New York City Police Department,Illegal Parking,Blocked Sidewalk
26500088,New York City Police Department,Illegal Parking,Posted Parking Sign Violation
26499911,New York City Police Department,Illegal Parking,Posted Parking Sign Violation
26494561,New York City Police Department,Illegal Parking,Commercial Overnight Parking
26494789,New York City Police Department,Illegal Parking,Blocked Sidewalk
26496341,New York City Police Department,Illegal Parking,Commercial Overnight Parking
26500171,New York City Police Department,Illegal Parking,Double Parked Blocking Traffic
26496040,New York City Police Department,Illegal Parking,Blocked Hydrant
26496883,New York City Police Department,Illegal Parking,Blocked Sidewalk
26494266,New York City Police Department,Illegal Parking,Posted Parking Sign Violation
26493686,New York City Police Department,Illegal Parking,Unauthorized Bus Layover
26497734,New York City Police Department,Illegal Parking,Posted Parking Sign Violation
26498183,New York City Police Department,Illegal Parking,Double Parked Blocking Traffic
26494147,New York City Police Department,Illegal Parking,Commercial Overnight Parking
26498170,New York City Police Department,Illegal Parking,Posted Parking Sign Violation
26496928,New York City Police Department,Illegal Parking,Blocked Hydrant
26494687,New York City Police Department,Illegal Parking,Commercial Overnight Parking
26498933,New York City Police Department,Illegal Parking,Blocked Sidewalk
26490574,New York City Police Department,Illegal Parking,Posted Parking Sign Violation
26489641,New York City Police Department,Illegal Parking,Posted Parking Sign Violation
26488695,New York City Police Department,Illegal Parking,Blocked Hydrant
26486836,New York City Police Department,Illegal Parking,Overnight Commercial Storage
26487752,New York City Police Department,Illegal Parking,Blocked Hydrant
26485781,New York City Police Department,Illegal Parking,Double Parked Blocking Traffic
26491449,New York City Police Department,Illegal Parking,Blocked Hydrant
26490525,New York City Police Department,Illegal Parking,Blocked Hydrant
26486802,New York City Police Department,Illegal Parking,Commercial Overnight Parking
26486843,New York City Police Department,Illegal Parking,Commercial Overnight Parking
26492343,New York City Police Department,Illegal Parking,Blocked Hydrant
26490566,New York City Police Department,Illegal Parking,Commercial Overnight Parking
26491471,New York City Police Department,Illegal Parking,Blocked Sidewalk
26487761,New York City Police Department,Illegal Parking,Blocked Hydrant
26486821,New York City Police Department,Illegal Parking,Blocked Sidewalk
26488701,New York City Police Department,Illegal Parking,Posted Parking Sign Violation
26486834,New York City Police Department,Illegal Parking,Double Parked Blocking Traffic
26490543,New York City Police Department,Illegal Parking,Posted Parking Sign Violation
26489634,New York City Police Department,Illegal Parking,Blocked Sidewalk
26492365,New York City Police Department,Illegal Parking,Posted Parking Sign Violation
26487770,New York City Police Department,Illegal Parking,Blocked Sidewalk
26491485,New York City Police Department,Illegal Parking,Blocked Sidewalk
26488678,New York City Police Department,Illegal Parking,Blocked Sidewalk
26490556,New York City Police Department,Illegal Parking,Posted Parking Sign Violation
26489615,New York City Police Department,Illegal Parking,Posted Parking Sign Violation
26488702,New York City Police Department,Illegal Parking,Posted Parking Sign Violation
26489613,New York City Police Department,Illegal Parking,Overnight Commercial Storage
26487765,New York City Police Department,Illegal Parking,Overnight Commercial Storage
26490528,New York City Police Department,Illegal Parking,Blocked Sidewalk
26488696,New York City Police Department,Illegal Parking,Blocked Sidewalk
26489618,New York City Police Department,Illegal Parking,Double Parked Blocking Vehicle
26491470,New York City Police Department,Illegal Parking,Blocked Hydrant
26491462,New York City Police Department,Illegal Parking,Posted Parking Sign Violation
26491482,New York City Police Department,Illegal Parking,Commercial Overnight Parking
26491450,New York City Police Department,Illegal Parking,Double Parked Blocking Traffic
26486835,New York City Police Department,Illegal Parking,Double Parked Blocking Traffic
26486840,New York City Police Department,Illegal Parking,Blocked Sidewalk
26490545,New York City Police Department,Illegal Parking,Posted Parking Sign Violation
26486796,New York City Police Department,Illegal Parking,Blocked Hydrant
26489651,New York City Police Department,Illegal Parking,Posted Parking Sign Violation
26490555,New York City Police Department,Illegal Parking,Double Parked Blocking Traffic
26492353,New York City Police Department,Illegal Parking,Double Parked Blocking Traffic
26487779,New York City Police Department,Illegal Parking,Double Parked Blocking Traffic
26482623,New York City Police Department,Illegal Parking,Commercial Overnight Parking
26482627,New York City Police Department,Illegal Parking,Commercial Overnight Parking
26482622,New York City Police Department,Illegal Parking,Blocked Hydrant
26481364,New York City Police Department,Illegal Parking,Overnight Commercial Storage
26480731,New York City Police Department,Illegal Parking,Overnight Commercial Storage
26482626,New York City Police Department,Illegal Parking,Blocked Sidewalk
26483900,New York City Police Department,Illegal Parking,Blocked Sidewalk
26482641,New York City Police Department,Illegal Parking,Posted Parking Sign Violation
26481397,New York City Police Department,Illegal Parking,Posted Parking Sign Violation
26485129,New York City Police Department,Illegal Parking,Double Parked Blocking Traffic
26483896,New York City Police Department,Illegal Parking,Blocked Hydrant
26483863,New York City Police Department,Illegal Parking,Commercial Overnight Parking
26484504,New York City Police Department,Illegal Parking,Blocked Hydrant
26483909,New York City Police Department,Illegal Parking,Posted Parking Sign Violation
26485127,New York City Police Department,Illegal Parking,Posted Parking Sign Violation
26483902,New York City Police Department,Illegal Parking,Posted Parking Sign Violation
26483914,New York City Police Department,Illegal Parking,Overnight Commercial Storage
26483235,New York City Police Department,Illegal Parking,Blocked Sidewalk
26480721,New York City Police Department,Illegal Parking,Blocked Sidewalk
26483898,New York City Police Department,Illegal Parking,Blocked Sidewalk
26481370,New York City Police Department,Illegal Parking,Blocked Sidewalk
26485161,New York City Police Department,Illegal Parking,Blocked Sidewalk
26480726,New York City Police Department,Illegal Parking,Blocked Sidewalk
26485163,New York City Police Department,Illegal Parking,Commercial Overnight Parking
26479254,New York City Police Department,Illegal Parking,Posted Parking Sign Violation
26479213,New York City Police Department,Illegal Parking,Posted Parking Sign Violation
26478146,New York City Police Department,Illegal Parking,Commercial Overnight Parking
26480277,New York City Police Department,Illegal Parking,Posted Parking Sign Violation
26477263,New York City Police Department,Illegal Parking,Overnight Commercial Storage
26480248,New York City Police Department,Illegal Parking,Posted Parking Sign Violation
26479672,New York City Police Department,Illegal Parking,Posted Parking Sign Violation
26474048,New York City Police Department,Illegal Parking,Commercial Overnight Parking
26475275,New York City Police Department,Illegal Parking,Commercial Overnight Parking
26477170,New York City Police Department,Illegal Parking,Commercial Overnight Parking
26477653,New York City Police Department,Illegal Parking,Double Parked Blocking Traffic
26479222,New York City Police Department,Illegal Parking,Unauthorized Bus Layover
26477175,New York City Police Department,Illegal Parking,Overnight Commercial Storage
26480243,New York City Police Department,Illegal Parking,Commercial Overnight Parking
26477150,New York City Police Department,Illegal Parking,Posted Parking Sign Violation
26478660,New York City Police Department,Illegal Parking,Blocked Hydrant
26478645,New York City Police Department,Illegal Parking,Overnight Commercial Storage
26474982,New York City Police Department,Illegal Parking,Double Parked Blocking Traffic
26477153,New York City Police Department,Illegal Parking,Blocked Hydrant
26479211,New York City Police Department,Illegal Parking,Double Parked Blocking Vehicle
26478145,New York City Police Department,Illegal Parking,Blocked Sidewalk
26480221,New York City Police Department,Illegal Parking,Double Parked Blocking Vehicle
26478679,New York City Police Department,Illegal Parking,Blocked Sidewalk
26477671,New York City Police Department,Illegal Parking,Commercial Overnight Parking
26478667,New York City Police Department,Illegal Parking,Posted Parking Sign Violation
26479228,New York City Police Department,Illegal Parking,Blocked Sidewalk
26480222,New York City Police Department,Illegal Parking,Posted Parking Sign Violation
26476614,New York City Police Department,Illegal Parking,Posted Parking Sign Violation
26476607,New York City Police Department,Illegal Parking,Blocked Hydrant
26479686,New York City Police Department,Illegal Parking,Posted Parking Sign Violation
26480250,New York City Police Department,Illegal Parking,Posted Parking Sign Violation
26479230,New York City Police Department,Illegal Parking,Commercial Overnight Parking
26479207,New York City Police Department,Illegal Parking,Blocked Hydrant
26479685,New York City Police Department,Illegal Parking,Overnight Commercial Storage
26480242,New York City Police Department,Illegal Parking,Commercial Overnight Parking
26476612,New York City Police Department,Illegal Parking,Blocked Hydrant
26478669,New York City Police Department,Illegal Parking,Posted Parking Sign Violation
26477663,New York City Police Department,Illegal Parking,Posted Parking Sign Violation
26477149,New York City Police Department,Illegal Parking,Overnight Commercial Storage
26477169,New York City Police Department,Illegal Parking,Blocked Sidewalk
26480217,New York City Police Department,Illegal Parking,Commercial Overnight Parking
26477173,New York City Police Department,Illegal Parking,Double Parked Blocking Traffic
26478164,New York City Police Department,Illegal Parking,Double Parked Blocking Traffic
26480216,New York City Police Department,Illegal Parking,Commercial Overnight Parking
26501149,New York City Police Department,Illegal Parking,Blocked Sidewalk
26502091,New York City Police Department,Illegal Parking,Blocked Sidewalk
26503698,New York City Police Department,Illegal Parking,Posted Parking Sign Violation
26502022,New York City Police Department,Illegal Parking,Commercial Overnight Parking
26505806,New York City Police Department,Illegal Parking,Posted Parking Sign Violation
26506802,New York City Police Department,Illegal Parking,Commercial Overnight Parking
26504906,New York City Police Department,Illegal Parking,Blocked Sidewalk
26505870,New York City Police Department,Illegal Parking,Posted Parking Sign Violation
26506437,New York City Police Department,Illegal Parking,Posted Parking Sign Violation
26500851,New York City Police Department,Illegal Parking,Posted Parking Sign Violation
26501111,New York City Police Department,Illegal Parking,Posted Parking Sign Violation
26506438,New York City Police Department,Illegal Parking,Blocked Sidewalk
26501267,New York City Police Department,Illegal Parking,Posted Parking Sign Violation
26507769,New York City Police Department,Illegal Parking,Blocked Sidewalk
26502063,New York City Police Department,Illegal Parking,Overnight Commercial Storage
26502672,New York City Police Department,Illegal Parking,Commercial Overnight Parking
26472799,New York City Police Department,Illegal Parking,Blocked Hydrant
26467370,New York City Police Department,Illegal Parking,Blocked Hydrant
26472787,New York City Police Department,Illegal Parking,Blocked Hydrant
26472987,New York City Police Department,Illegal Parking,Blocked Sidewalk
26469018,New York City Police Department,Illegal Parking,Blocked Sidewalk
26467500,New York City Police Department,Illegal Parking,Commercial Overnight Parking
26472985,New York City Police Department,Illegal Parking,Detached Trailer
26469078,New York City Police Department,Illegal Parking,Blocked Sidewalk
26472230,New York City Police Department,Illegal Parking,Blocked Hydrant
26469853,New York City Police Department,Illegal Parking,Blocked Sidewalk
26471253,New York City Police Department,Illegal Parking,Posted Parking Sign Violation
26467541,New York City Police Department,Illegal Parking,Blocked Sidewalk
26468959,New York City Police Department,Illegal Parking,Blocked Sidewalk
26471249,New York City Police Department,Illegal Parking,Overnight Commercial Storage
26472876,New York City Police Department,Illegal Parking,Posted Parking Sign Violation
26467653,New York City Police Department,Illegal Parking,Posted Parking Sign Violation
26467415,New York City Police Department,Illegal Parking,Overnight Commercial Storage
26470426,New York City Police Department,Illegal Parking,Blocked Hydrant
26472267,New York City Police Department,Illegal Parking,Blocked Sidewalk
26469717,New York City Police Department,Illegal Parking,Posted Parking Sign Violation
26473001,New York City Police Department,Illegal Parking,Blocked Sidewalk
26469128,New York City Police Department,Illegal Parking,Blocked Sidewalk
26468056,New York City Police Department,Illegal Parking,Blocked Sidewalk
26468300,New York City Police Department,Illegal Parking,Double Parked Blocking Vehicle
26468899,New York City Police Department,Illegal Parking,Blocked Sidewalk
26472311,New York City Police Department,Illegal Parking,Posted Parking Sign Violation
26469777,New York City Police Department,Illegal Parking,Commercial Overnight Parking
26470534,New York City Police Department,Illegal Parking,Blocked Hydrant
26472006,New York City Police Department,Illegal Parking,Double Parked Blocking Traffic
26472938,New York City Police Department,Illegal Parking,Commercial Overnight Parking
26470377,New York City Police Department,Illegal Parking,Blocked Sidewalk
26461958,New York City Police Department,Illegal Parking,Blocked Hydrant
26462708,New York City Police Department,Illegal Parking,Blocked Hydrant
26461024,New York City Police Department,Illegal Parking,Blocked Hydrant
26465305,New York City Police Department,Illegal Parking,Commercial Overnight Parking
26464291,New York City Police Department,Illegal Parking,Commercial Overnight Parking
26464453,New York City Police Department,Illegal Parking,Overnight Commercial Storage
26465173,New York City Police Department,Illegal Parking,Commercial Overnight Parking
26462884,New York City Police Department,Illegal Parking,Blocked Hydrant
26466821,New York City Police Department,Illegal Parking,Double Parked Blocking Vehicle
26464458,New York City Police Department,Illegal Parking,Commercial Overnight Parking
26461187,New York City Police Department,Illegal Parking,Posted Parking Sign Violation
26465247,New York City Police Department,Illegal Parking,Posted Parking Sign Violation
26466719,New York City Police Department,Illegal Parking,Blocked Sidewalk
26463560,New York City Police Department,Illegal Parking,Overnight Commercial Storage
26466715,New York City Police Department,Illegal Parking,Overnight Commercial Storage
26460847,New York City Police Department,Illegal Parking,Overnight Commercial Storage
26460875,New York City Police Department,Illegal Parking,Blocked Sidewalk
26465161,New York City Police Department,Illegal Parking,Posted Parking Sign Violation
26466061,New York City Police Department,Illegal Parking,Posted Parking Sign Violation
26463439,New York City Police Department,Illegal Parking,Posted Parking Sign Violation
26462548,New York City Police Department,Illegal Parking,Posted Parking Sign Violation
26463379,New York City Police Department,Illegal Parking,Posted Parking Sign Violation
26461716,New York City Police Department,Illegal Parking,Posted Parking Sign Violation
26460858,New York City Police Department,Illegal Parking,Double Parked Blocking Vehicle
26466654,New York City Police Department,Illegal Parking,Commercial Overnight Parking
26463363,New York City Police Department,Illegal Parking,Unauthorized Bus Layover
26464176,New York City Police Department,Illegal Parking,Commercial Overnight Parking
26464108,New York City Police Department,Illegal Parking,Commercial Overnight Parking
26460842,New York City Police Department,Illegal Parking,Double Parked Blocking Vehicle
26462527,New York City Police Department,Illegal Parking,Blocked Hydrant
26463335,New York City Police Department,Illegal Parking,Blocked Hydrant
26462683,New York City Police Department,Illegal Parking,Commercial Overnight Parking
26464155,New York City Police Department,Illegal Parking,Commercial Overnight Parking
26455630,New York City Police Department,Illegal Parking,Blocked Hydrant
26457399,New York City Police Department,Illegal Parking,Commercial Overnight Parking
26454126,New York City Police Department,Illegal Parking,Blocked Sidewalk
26456684,New York City Police Department,Illegal Parking,Commercial Overnight Parking
26454084,New York City Police Department,Illegal Parking,Blocked Hydrant
26453916,New York City Police Department,Illegal Parking,Posted Parking Sign Violation
26455800,New York City Police Department,Illegal Parking,Double Parked Blocking Vehicle
26459409,New York City Police Department,Illegal Parking,Posted Parking Sign Violation
26457576,New York City Police Department,Illegal Parking,Posted Parking Sign Violation
26458229,New York City Police Department,Illegal Parking,Posted Parking Sign Violation
26458412,New York City Police Department,Illegal Parking,Double Parked Blocking Traffic
26458204,New York City Police Department,Illegal Parking,Posted Parking Sign Violation
26460328,New York City Police Department,Illegal Parking,Blocked Sidewalk
26453971,New York City Police Department,Illegal Parking,Double Parked Blocking Traffic
26459148,New York City Police Department,Illegal Parking,Detached Trailer
26455549,New York City Police Department,Illegal Parking,Blocked Sidewalk
26458197,New York City Police Department,Illegal Parking,Posted Parking Sign Violation
26457271,New York City Police Department,Illegal Parking,Double Parked Blocking Traffic
26459036,New York City Police Department,Illegal Parking,Blocked Hydrant
26450612,New York City Police Department,Illegal Parking,Blocked Hydrant
26447987,New York City Police Department,Illegal Parking,Posted Parking Sign Violation
26452443,New York City Police Department,Illegal Parking,Blocked Hydrant
26453316,New York City Police Department,Illegal Parking,Commercial Overnight Parking
26453329,New York City Police Department,Illegal Parking,Detached Trailer
26451347,New York City Police Department,Illegal Parking,Commercial Overnight Parking
26449755,New York City Police Department,Illegal Parking,Blocked Hydrant
26453045,New York City Police Department,Illegal Parking,Double Parked Blocking Traffic
26448882,New York City Police Department,Illegal Parking,Posted Parking Sign Violation
26451988,New York City Police Department,Illegal Parking,Posted Parking Sign Violation
26453267,New York City Police Department,Illegal Parking,Blocked Hydrant
26450366,New York City Police Department,Illegal Parking,Posted Parking Sign Violation
26447169,New York City Police Department,Illegal Parking,Blocked Hydrant
26448859,New York City Police Department,Illegal Parking,Commercial Overnight Parking
26449445,New York City Police Department,Illegal Parking,Blocked Sidewalk
26448783,New York City Police Department,Illegal Parking,Commercial Overnight Parking
26451500,New York City Police Department,Illegal Parking,Blocked Sidewalk
26450376,New York City Police Department,Illegal Parking,Posted Parking Sign Violation
26449448,New York City Police Department,Illegal Parking,Commercial Overnight Parking
26450510,New York City Police Department,Illegal Parking,Commercial Overnight Parking
26446775,New York City Police Department,Illegal Parking,Blocked Sidewalk
26448502,New York City Police Department,Illegal Parking,Blocked Hydrant
26451411,New York City Police Department,Illegal Parking,Commercial Overnight Parking
26451318,New York City Police Department,Illegal Parking,Posted Parking Sign Violation
26451122,New York City Police Department,Illegal Parking,Posted Parking Sign Violation
26448556,New York City Police Department,Illegal Parking,Overnight Commercial Storage
26451404,New York City Police Department,Illegal Parking,Posted Parking Sign Violation
26447022,New York City Police Department,Illegal Parking,Double Parked Blocking Traffic
26453270,New York City Police Department,Illegal Parking,Blocked Hydrant
26447013,New York City Police Department,Illegal Parking,Posted Parking Sign Violation
26449610,New York City Police Department,Illegal Parking,Commercial Overnight Parking
26451957,New York City Police Department,Illegal Parking,Blocked Sidewalk
26451323,New York City Police Department,Illegal Parking,Blocked Hydrant
26447005,New York City Police Department,Illegal Parking,Blocked Hydrant
26443787,New York City Police Department,Illegal Parking,Blocked Sidewalk
26445970,New York City Police Department,Illegal Parking,Overnight Commercial Storage
26444136,New York City Police Department,Illegal Parking,Blocked Hydrant
26446456,New York City Police Department,Illegal Parking,Posted Parking Sign Violation
26446557,New York City Police Department,Illegal Parking,Commercial Overnight Parking
26444456,New York City Police Department,Illegal Parking,Commercial Overnight Parking
26444457,New York City Police Department,Illegal Parking,Posted Parking Sign Violation
26443905,New York City Police Department,Illegal Parking,Blocked Sidewalk
26443915,New York City Police Department,Illegal Parking,Blocked Sidewalk
26443740,New York City Police Department,Illegal Parking,Commercial Overnight Parking
26446198,New York City Police Department,Illegal Parking,Blocked Sidewalk
26445229,New York City Police Department,Illegal Parking,Blocked Hydrant
26443829,New York City Police Department,Illegal Parking,Blocked Hydrant
26445246,New York City Police Department,Illegal Parking,Blocked Hydrant
26445327,New York City Police Department,Illegal Parking,Commercial Overnight Parking
26444239,New York City Police Department,Illegal Parking,Commercial Overnight Parking
26443812,New York City Police Department,Illegal Parking,Commercial Overnight Parking
26444877,New York City Police Department,Illegal Parking,Blocked Hydrant
26445043,New York City Police Department,Illegal Parking,Commercial Overnight Parking
26443940,New York City Police Department,Illegal Parking,Blocked Hydrant
26445441,New York City Police Department,Illegal Parking,Posted Parking Sign Violation
26443884,New York City Police Department,Illegal Parking,Double Parked Blocking Vehicle
26446411,New York City Police Department,Illegal Parking,Blocked Hydrant
26444572,New York City Police Department,Illegal Parking,Double Parked Blocking Vehicle
26445810,New York City Police Department,Illegal Parking,Posted Parking Sign Violation
26445341,New York City Police Department,Illegal Parking,Blocked Hydrant
26444699,New York City Police Department,Illegal Parking,Blocked Hydrant
26446053,New York City Police Department,Illegal Parking,Blocked Hydrant
26444960,New York City Police Department,Illegal Parking,Blocked Hydrant
26443922,New York City Police Department,Illegal Parking,Blocked Hydrant
26443838,New York City Police Department,Illegal Parking,Blocked Hydrant
26443973,New York City Police Department,Illegal Parking,Blocked Sidewalk
26443869,New York City Police Department,Illegal Parking,Commercial Overnight Parking
26440290,New York City Police Department,Illegal Parking,Double Parked Blocking Traffic
26440974,New York City Police Department,Illegal Parking,Commercial Overnight Parking
26441485,New York City Police Department,Illegal Parking,Blocked Hydrant
26440400,New York City Police Department,Illegal Parking,Blocked Sidewalk
26442718,New York City Police Department,Illegal Parking,Blocked Hydrant
26442674,New York City Police Department,Illegal Parking,Posted Parking Sign Violation
26440438,New York City Police Department,Illegal Parking,Posted Parking Sign Violation
26442286,New York City Police Department,Illegal Parking,Detached Trailer
26440944,New York City Police Department,Illegal Parking,Blocked Sidewalk
26441993,New York City Police Department,Illegal Parking,Blocked Hydrant
26442682,New York City Police Department,Illegal Parking,Commercial Overnight Parking
26443457,New York City Police Department,Illegal Parking,Blocked Hydrant
26441063,New York City Police Department,Illegal Parking,Blocked Hydrant
26442236,New York City Police Department,Illegal Parking,Blocked Sidewalk
26443456,New York City Police Department,Illegal Parking,Overnight Commercial Storage
26440778,New York City Police Department,Illegal Parking,Blocked Sidewalk
26441014,New York City Police Department,Illegal Parking,Commercial Overnight Parking
26441412,New York City Police Department,Illegal Parking,Posted Parking Sign Violation
26442782,New York City Police Department,Illegal Parking,Posted Parking Sign Violation
26441825,New York City Police Department,Illegal Parking,Posted Parking Sign Violation
26440043,New York City Police Department,Illegal Parking,Posted Parking Sign Violation
26440470,New York City Police Department,Illegal Parking,Overnight Commercial Storage
26442410,New York City Police Department,Illegal Parking,Posted Parking Sign Violation
26440076,New York City Police Department,Illegal Parking,Blocked Hydrant
26440535,New York City Police Department,Illegal Parking,Blocked Sidewalk
26442499,New York City Police Department,Illegal Parking,Blocked Hydrant
26441461,New York City Police Department,Illegal Parking,Commercial Overnight Parking
26441786,New York City Police Department,Illegal Parking,Blocked Hydrant
26439992,New York City Police Department,Illegal Parking,Blocked Sidewalk
26441527,New York City Police Department,Illegal Parking,Posted Parking Sign Violation
26443461,New York City Police Department,Illegal Parking,Posted Parking Sign Violation
26440460,New York City Police Department,Illegal Parking,Blocked Hydrant
26443010,New York City Police Department,Illegal Parking,Commercial Overnight Parking
26441533,New York City Police Department,Illegal Parking,Double Parked Blocking Traffic
26442370,New York City Police Department,Illegal Parking,Double Parked Blocking Traffic
26440550,New York City Police Department,Illegal Parking,Blocked Hydrant
26442929,New York City Police Department,Illegal Parking,Commercial Overnight Parking
26438148,New York City Police Department,Illegal Parking,Blocked Sidewalk
26435216,New York City Police Department,Illegal Parking,Blocked Hydrant
26439444,New York City Police Department,Illegal Parking,Commercial Overnight Parking
26438102,New York City Police Department,Illegal Parking,Double Parked Blocking Traffic
26433555,New York City Police Department,Illegal Parking,Posted Parking Sign Violation
26438246,New York City Police Department,Illegal Parking,Posted Parking Sign Violation
26435251,New York City Police Department,Illegal Parking,Blocked Hydrant
26435186,New York City Police Department,Illegal Parking,Commercial Overnight Parking
26437893,New York City Police Department,Illegal Parking,Blocked Hydrant
26439528,New York City Police Department,Illegal Parking,Blocked Hydrant
26437356,New York City Police Department,Illegal Parking,Commercial Overnight Parking
26438252,New York City Police Department,Illegal Parking,Blocked Sidewalk
26435889,New York City Police Department,Illegal Parking,Overnight Commercial Storage
26436316,New York City Police Department,Illegal Parking,Overnight Commercial Storage
26434457,New York City Police Department,Illegal Parking,Overnight Commercial Storage
26436535,New York City Police Department,Illegal Parking,Double Parked Blocking Vehicle
26434268,New York City Police Department,Illegal Parking,Double Parked Blocking Vehicle
26438949,New York City Police Department,Illegal Parking,Posted Parking Sign Violation
26434326,New York City Police Department,Illegal Parking,Double Parked Blocking Traffic
26433641,New York City Police Department,Illegal Parking,Posted Parking Sign Violation
26438961,New York City Police Department,Illegal Parking,Blocked Sidewalk
26438880,New York City Police Department,Illegal Parking,Double Parked Blocking Traffic
26439029,New York City Police Department,Illegal Parking,Double Parked Blocking Traffic
26435293,New York City Police Department,Illegal Parking,Blocked Hydrant
26439265,New York City Police Department,Illegal Parking,Blocked Sidewalk
26434633,New York City Police Department,Illegal Parking,Blocked Sidewalk
26438528,New York City Police Department,Illegal Parking,Blocked Sidewalk
26438069,New York City Police Department,Illegal Parking,Posted Parking Sign Violation
26435053,New York City Police Department,Illegal Parking,Double Parked Blocking Traffic
26434320,New York City Police Department,Illegal Parking,Posted Parking Sign Violation
26436123,New York City Police Department,Illegal Parking,Blocked Sidewalk
26433425,New York City Police Department,Illegal Parking,Posted Parking Sign Violation
26433527,New York City Police Department,Illegal Parking,Blocked Hydrant
26428092,New York City Police Department,Illegal Parking,Commercial Overnight Parking
26431018,New York City Police Department,Illegal Parking,Overnight Commercial Storage
26431986,New York City Police Department,Illegal Parking,Commercial Overnight Parking
26428989,New York City Police Department,Illegal Parking,Posted Parking Sign Violation
26428083,New York City Police Department,Illegal Parking,Posted Parking Sign Violation
